Año,Periodo,Parámetro,Denuncias
2018,Trimestre 1,Agresión sexual con penetración,378
2018,Trimestre 1,Homicidios dolosos y asesinatos consumados,75
2018,Trimestre 1,Hurtos,165528
2018,Trimestre 1,"Robos con fuerza en domicilios, establecimientos y otras instalaciones",40391
2018,Trimestre 1,Robos con violencia e intimidación,14264
2018,Trimestre 1,Secuestro,22
2018,Trimestre 1,Sustracciones de vehículos,8694
2018,Trimestre 1,Total,503808
2018,Trimestre 1,Tráfico de drogas,3157
2019,Trimestre 1,Agresión sexual con penetración,376
2019,Trimestre 1,Homicidios dolosos y asesinatos consumados,76
2019,Trimestre 1,Hurtos,168817
2019,Trimestre 1,"Robos con fuerza en domicilios, establecimientos y otras instalaciones",37104
2019,Trimestre 1,Robos con violencia e intimidación,15400
2019,Trimestre 1,Secuestro,24
2019,Trimestre 1,Sustracciones de vehículos,8847
2019,Trimestre 1,Total,529066
2019,Trimestre 1,Tráfico de drogas,3797
2020,Trimestre 1,Agresión sexual con penetración,383
2020,Trimestre 1,Homicidios dolosos y asesinatos consumados,85
2020,Trimestre 1,Hurtos,137635
2020,Trimestre 1,"Robos con fuerza en domicilios, establecimientos y otras instalaciones",32530
2020,Trimestre 1,Robos con violencia e intimidación,13554
2020,Trimestre 1,Secuestro,16
2020,Trimestre 1,Sustracciones de vehículos,7243
2020,Trimestre 1,Total,475276
2020,Trimestre 1,Tráfico de drogas,3813
2021,Trimestre 1,Agresión sexual con penetración,426
2021,Trimestre 1,Homicidios dolosos y asesinatos consumados,60
2021,Trimestre 1,Hurtos,96060
2021,Trimestre 1,"Robos con fuerza en domicilios, establecimientos y otras instalaciones",23353
2021,Trimestre 1,Robos con violencia e intimidación,11006
2021,Trimestre 1,Secuestro,18
2021,Trimestre 1,Sustracciones de vehículos,5353
2021,Trimestre 1,Total,430176
2021,Trimestre 1,Tráfico de drogas,4286
2022,Trimestre 1,Agresión sexual con penetración,544
2022,Trimestre 1,Homicidios dolosos y asesinatos consumados,74
2022,Trimestre 1,Hurtos,145399
2022,Trimestre 1,"Robos con fuerza en domicilios, establecimientos y otras instalaciones",29913
2022,Trimestre 1,Robos con violencia e intimidación,14892
2022,Trimestre 1,Secuestro,14
2022,Trimestre 1,Sustracciones de vehículos,7172
2022,Trimestre 1,Total,550150
2022,Trimestre 1,Tráfico de drogas,4482
